"=",".ly:a","","@GH`>0^dTt->:","0J}j","3r","6r&Q","-","a"
"p","K|scWV#+","@3 `B:hqBwB","_K6<}s=i^U$)p","hWek","B/","WUU8","[","r"
"}","hCI[Pf@+d","/*)","{@4YMLGb7@bgz","FneAC","%r","W lp;","p","i"
"J","a-(oRh;/9p","HTr$PpF)C","fUmi>q8A=1@:Z","$imC7","[8","iAj1W",")","/"
"4","
ZJ","","Iq9juP?gwlUCY",">y3@m","]9","uUb`@","`","o"
"f","6B5XT!{$`N.Ftf","","oVJJ=0*;},d:A","wO*sL1)zE","v0","%`7U,6G35","r","r"
"~","z;O0 [","","wBjH$cGg6dj[N","Dik@C","D,","wip~!","/","D"
"!","=CrDcui
.","(ARnw}(~*","+(?R2I<=K
BB_","dB$OQ",".4","=t%h#"," ","U"
"k","Qp#qo`yIG","Dtt*-J","Se_K
3_8 yDGz","XY Ji","' ","ODlRF","{","e"
"o#","*h&x}|q$t","pU6AgG","iTb#mS+{s8#^A"," Z
%","@-","1agHP","2","d"
