"=","c+","w","isN4","g<S5HF","h7RM*wL7f1g-Ib||)g4dJt;","LO P","X*V@B@nz@Wr-{"
"b","}o","=","@doT","Yt]rZu","E7","<BU8","i+^7xU10)saZ'"
";","F!","@","4@K9","E1<.?F)8u","xe&~tpG#r6=7wJlKt6FG;yGuL
xwC/:+",")~X","8H%b`w_XAZ|Ya"
"%","wg","w","ey=T","wM4{j*E};V|gW","
Y8^e(","mgd"," epY7rVJ.Tst3"
"~","Pt","2","D#eX","PaI/kr","@)","J`2","I*mbY%{yQe&Ks"
"j","G;","{","wCH=","'_Kzi","@u","7B6","eAeS;eX&j*$PC"
"S","Pr","j","|_?Z","u0(Vz:g`z","oz8","O0*",":8EnqL{{1AkP4"
"M","VF","s","0I32","c7xxwc6]","^kE^[","t6H/","9pg lX|;R$krx"
"oZ","[N","l","~lOS","|W99**2Yq","rti","p/h","hL1hBs>[M:C/g"
":k","N3",">","x=(6","`V9Rj9Hp","Yj)","Gr?Dz","#G
VD }a-7Md5"
"ug","+k","f","W#k
","3@DC","","T|bC",">z;9F)6l`M9)y"
"%~","]y","6","IX7+","gO(*","`w","oZDI5","~+0
8)l3Jh)Gv"
"EX","]s","]","%T5a","o:Gz","F&b","g6N","gI2pxtEj8W2-F"
"+v","]v","I","s}~I","k[ `WE","Ni","^vs",">'6dnI%j&]3ID"
"3@","6&","M","xyzy","d/etN|iO","r3JT]m{L3)l.(8yD$$","@d{P84","hORx iQwZ*[>}"
"Px","t1","a","eloG","f`|82$kA^t'$","HAm'@D1z","Z$r+K2",":ip1mngCHy0t~"
